"rosaryBead.rosaryBeadID";"rosaryBead.beadIndex";"rosaryBead.decadeIndex";"rosaryBead.mysteryIndex";"rosaryBead.prayerIndex";"rosaryBead.scriptureIndex";"rosaryBead.messageIndex";"rosaryBead.loopBody";"rosaryBead.smallbeadPercent";"rosaryBead.mysteryPercent";"bead.beadID";"bead.beadType";"decade.decadeID";"decade.mysteryIndex";"decade.decadeNo";"decade.decadeName";"decade.decadeInfo";"decade.infoRefference";"mystery.mysteryID";"mystery.mysteryNo";"mystery.mysteryName";"book.bookID";"book.bookName";"book.library";"scripture.scriptureID";"scripture.bookIndex";"scripture.chapterIndex";"scripture.verseIndex";"scripture.scriptureText";"message.messageID";"message.mesageText";"prayer.prayerID";"prayer.prayerName";"prayer.prayerText"
0;0;0;1;1;0;0;0;0;0;;;;;;;;;;;;;;;;;;;;;;;;
1;6;0;0;2;0;0;0;1;0;;;;;;;;;;;;;;;;;;;;;;;;
2;3;0;0;3;0;0;0;2;0;;;;;;;;;;;;;;;;;;;;;;;;
3;2;0;0;4;0;0;0;3;0;;;;;;;;;;;;;;;;;;;;;;;;
4;2;0;0;4;0;0;0;4;0;;;;;;;;;;;;;;;;;;;;;;;;
5;2;0;0;4;0;0;0;5;0;;;;;;;;;;;;;;;;;;;;;;;;
6;3;0;0;5;0;0;0;6;0;;;;;;;;;;;;;;;;;;;;;;;;
7;5;1;1;0;0;1;0;7;1;;;;;;;;;;;;;;;;;;;;;;;;
8;3;1;1;3;0;1;1;0;1;;;;;;;;;;;;;;;;;;;;;;;;
9;2;1;1;4;1;1;1;1;1;;;;;;;;;;;;;;;;;;;;;;;;
10;2;1;1;4;2;1;1;2;2;;;;;;;;;;;;;;;;;;;;;;;;
11;2;1;1;4;3;1;1;3;3;;;;;;;;;;;;;;;;;;;;;;;;
12;2;1;1;4;4;1;1;4;4;;;;;;;;;;;;;;;;;;;;;;;;
13;2;1;1;4;5;1;1;5;5;;;;;;;;;;;;;;;;;;;;;;;;
14;2;1;1;4;6;1;1;6;6;;;;;;;;;;;;;;;;;;;;;;;;
15;2;1;1;4;7;1;1;7;7;;;;;;;;;;;;;;;;;;;;;;;;
16;2;1;1;4;8;1;1;8;8;;;;;;;;;;;;;;;;;;;;;;;;
17;2;1;1;4;9;1;1;9;9;;;;;;;;;;;;;;;;;;;;;;;;
18;2;1;1;4;10;1;1;10;10;;;;;;;;;;;;;;;;;;;;;;;;
19;4;1;1;5;0;1;1;10;10;;;;;;;;;;;;;;;;;;;;;;;;
20;4;1;1;6;0;1;1;10;10;;;;;;;;;;;;;;;;;;;;;;;;
21;3;2;1;0;0;2;1;0;11;;;;;;;;;;;;;;;;;;;;;;;;
22;3;2;1;3;0;2;1;0;11;;;;;;;;;;;;;;;;;;;;;;;;
23;2;2;1;4;11;2;1;1;11;;;;;;;;;;;;;;;;;;;;;;;;
24;2;2;1;4;12;2;1;2;12;;;;;;;;;;;;;;;;;;;;;;;;
25;2;2;1;4;13;2;1;3;13;;;;;;;;;;;;;;;;;;;;;;;;
26;2;2;1;4;14;2;1;4;14;;;;;;;;;;;;;;;;;;;;;;;;
27;2;2;1;4;15;2;1;5;15;;;;;;;;;;;;;;;;;;;;;;;;
28;2;2;1;4;16;2;1;6;16;;;;;;;;;;;;;;;;;;;;;;;;
29;2;2;1;4;17;2;1;7;17;;;;;;;;;;;;;;;;;;;;;;;;
30;2;2;1;4;18;2;1;8;18;;;;;;;;;;;;;;;;;;;;;;;;
31;2;2;1;4;19;2;1;9;19;;;;;;;;;;;;;;;;;;;;;;;;
32;2;2;1;4;20;2;1;10;20;;;;;;;;;;;;;;;;;;;;;;;;
33;4;2;1;5;0;2;1;10;20;;;;;;;;;;;;;;;;;;;;;;;;
34;4;2;1;6;0;2;1;10;20;;;;;;;;;;;;;;;;;;;;;;;;
35;3;3;1;0;0;3;1;0;21;;;;;;;;;;;;;;;;;;;;;;;;
36;3;3;1;3;0;3;1;0;21;;;;;;;;;;;;;;;;;;;;;;;;
37;2;3;1;4;21;3;1;1;21;;;;;;;;;;;;;;;;;;;;;;;;
38;2;3;1;4;22;3;1;2;22;;;;;;;;;;;;;;;;;;;;;;;;
39;2;3;1;4;23;3;1;3;23;;;;;;;;;;;;;;;;;;;;;;;;
40;2;3;1;4;24;3;1;4;24;;;;;;;;;;;;;;;;;;;;;;;;
41;2;3;1;4;25;3;1;5;25;;;;;;;;;;;;;;;;;;;;;;;;
42;2;3;1;4;26;3;1;6;26;;;;;;;;;;;;;;;;;;;;;;;;
43;2;3;1;4;27;3;1;7;27;;;;;;;;;;;;;;;;;;;;;;;;
44;2;3;1;4;28;3;1;8;28;;;;;;;;;;;;;;;;;;;;;;;;
45;2;3;1;4;29;3;1;9;29;;;;;;;;;;;;;;;;;;;;;;;;
46;2;3;1;4;30;3;1;10;30;;;;;;;;;;;;;;;;;;;;;;;;
47;4;3;1;5;0;3;1;10;30;;;;;;;;;;;;;;;;;;;;;;;;
48;4;3;1;6;0;3;1;10;30;;;;;;;;;;;;;;;;;;;;;;;;
49;3;4;1;0;0;4;1;0;31;;;;;;;;;;;;;;;;;;;;;;;;
50;3;4;1;3;0;4;1;0;31;;;;;;;;;;;;;;;;;;;;;;;;
51;2;4;1;4;31;4;1;1;31;;;;;;;;;;;;;;;;;;;;;;;;
52;2;4;1;4;32;4;1;2;32;;;;;;;;;;;;;;;;;;;;;;;;
53;2;4;1;4;33;4;1;3;33;;;;;;;;;;;;;;;;;;;;;;;;
54;2;4;1;4;34;4;1;4;34;;;;;;;;;;;;;;;;;;;;;;;;
55;2;4;1;4;35;4;1;5;35;;;;;;;;;;;;;;;;;;;;;;;;
56;2;4;1;4;36;4;1;6;36;;;;;;;;;;;;;;;;;;;;;;;;
57;2;4;1;4;37;4;1;7;37;;;;;;;;;;;;;;;;;;;;;;;;
58;2;4;1;4;38;4;1;8;38;;;;;;;;;;;;;;;;;;;;;;;;
59;2;4;1;4;39;4;1;9;39;;;;;;;;;;;;;;;;;;;;;;;;
60;2;4;1;4;40;4;1;10;40;;;;;;;;;;;;;;;;;;;;;;;;
61;4;4;1;5;0;4;1;10;40;;;;;;;;;;;;;;;;;;;;;;;;
62;4;4;1;6;0;4;1;10;40;;;;;;;;;;;;;;;;;;;;;;;;
63;3;5;1;0;0;5;1;0;41;;;;;;;;;;;;;;;;;;;;;;;;
64;3;5;1;3;0;5;1;0;41;;;;;;;;;;;;;;;;;;;;;;;;
65;2;5;1;4;41;5;1;1;41;;;;;;;;;;;;;;;;;;;;;;;;
66;2;5;1;4;42;5;1;2;42;;;;;;;;;;;;;;;;;;;;;;;;
67;2;5;1;4;43;5;1;3;43;;;;;;;;;;;;;;;;;;;;;;;;
68;2;5;1;4;44;5;1;4;44;;;;;;;;;;;;;;;;;;;;;;;;
69;2;5;1;4;45;5;1;5;45;;;;;;;;;;;;;;;;;;;;;;;;
70;2;5;1;4;46;5;1;6;46;;;;;;;;;;;;;;;;;;;;;;;;
71;2;5;1;4;47;5;1;7;47;;;;;;;;;;;;;;;;;;;;;;;;
72;2;5;1;4;48;5;1;8;48;;;;;;;;;;;;;;;;;;;;;;;;
73;2;5;1;4;49;5;1;9;49;;;;;;;;;;;;;;;;;;;;;;;;
74;2;5;1;4;50;5;1;10;50;;;;;;;;;;;;;;;;;;;;;;;;
75;4;5;1;5;0;5;1;10;50;;;;;;;;;;;;;;;;;;;;;;;;
76;4;5;1;6;0;5;1;10;50;;;;;;;;;;;;;;;;;;;;;;;;
77;5;0;5;7;0;0;0;5;50;;;;;;;;;;;;;;;;;;;;;;;;
78;5;0;5;8;0;0;0;10;50;;;;;;;;;;;;;;;;;;;;;;;;
79;0;0;2;1;0;0;0;0;0;;;;;;;;;;;;;;;;;;;;;;;;
80;6;0;0;2;0;0;0;1;0;;;;;;;;;;;;;;;;;;;;;;;;
81;3;0;0;3;0;0;0;2;0;;;;;;;;;;;;;;;;;;;;;;;;
82;2;0;0;4;0;0;0;3;0;;;;;;;;;;;;;;;;;;;;;;;;
83;2;0;0;4;0;0;0;4;0;;;;;;;;;;;;;;;;;;;;;;;;
84;2;0;0;4;0;0;0;5;0;;;;;;;;;;;;;;;;;;;;;;;;
85;3;0;0;5;0;0;0;6;0;;;;;;;;;;;;;;;;;;;;;;;;
86;5;6;2;0;0;6;0;7;0;;;;;;;;;;;;;;;;;;;;;;;;
87;3;6;2;3;0;6;1;0;1;;;;;;;;;;;;;;;;;;;;;;;;
88;2;6;2;4;51;6;1;1;1;;;;;;;;;;;;;;;;;;;;;;;;
89;2;6;2;4;52;6;1;2;2;;;;;;;;;;;;;;;;;;;;;;;;
90;2;6;2;4;53;6;1;3;3;;;;;;;;;;;;;;;;;;;;;;;;
91;2;6;2;4;54;6;1;4;4;;;;;;;;;;;;;;;;;;;;;;;;
92;2;6;2;4;55;6;1;5;5;;;;;;;;;;;;;;;;;;;;;;;;
93;2;6;2;4;56;6;1;6;6;;;;;;;;;;;;;;;;;;;;;;;;
94;2;6;2;4;57;6;1;7;7;;;;;;;;;;;;;;;;;;;;;;;;
95;2;6;2;4;58;6;1;8;8;;;;;;;;;;;;;;;;;;;;;;;;
96;2;6;2;4;59;6;1;9;9;;;;;;;;;;;;;;;;;;;;;;;;
97;2;6;2;4;60;6;1;10;10;;;;;;;;;;;;;;;;;;;;;;;;
98;4;6;2;5;0;6;1;10;10;;;;;;;;;;;;;;;;;;;;;;;;
99;4;6;2;6;0;6;1;10;10;;;;;;;;;;;;;;;;;;;;;;;;
100;3;7;2;0;0;7;1;0;11;;;;;;;;;;;;;;;;;;;;;;;;
101;3;7;2;3;0;7;1;0;11;;;;;;;;;;;;;;;;;;;;;;;;
102;2;7;2;4;61;7;1;1;11;;;;;;;;;;;;;;;;;;;;;;;;
103;2;7;2;4;62;7;1;2;12;;;;;;;;;;;;;;;;;;;;;;;;
104;2;7;2;4;63;7;1;3;13;;;;;;;;;;;;;;;;;;;;;;;;
105;2;7;2;4;64;7;1;4;14;;;;;;;;;;;;;;;;;;;;;;;;
106;2;7;2;4;65;7;1;5;15;;;;;;;;;;;;;;;;;;;;;;;;
107;2;7;2;4;66;7;1;6;16;;;;;;;;;;;;;;;;;;;;;;;;
108;2;7;2;4;67;7;1;7;17;;;;;;;;;;;;;;;;;;;;;;;;
109;2;7;2;4;68;7;1;8;18;;;;;;;;;;;;;;;;;;;;;;;;
110;2;7;2;4;69;7;1;9;19;;;;;;;;;;;;;;;;;;;;;;;;
111;2;7;2;4;70;7;1;10;20;;;;;;;;;;;;;;;;;;;;;;;;
112;4;7;2;5;0;7;1;10;20;;;;;;;;;;;;;;;;;;;;;;;;
113;4;7;2;6;0;7;1;10;20;;;;;;;;;;;;;;;;;;;;;;;;
114;3;8;2;0;0;8;1;0;21;;;;;;;;;;;;;;;;;;;;;;;;
115;3;8;2;3;0;8;1;0;21;;;;;;;;;;;;;;;;;;;;;;;;
116;2;8;2;4;71;8;1;1;21;;;;;;;;;;;;;;;;;;;;;;;;
117;2;8;2;4;72;8;1;2;22;;;;;;;;;;;;;;;;;;;;;;;;
118;2;8;2;4;73;8;1;3;23;;;;;;;;;;;;;;;;;;;;;;;;
119;2;8;2;4;74;8;1;4;24;;;;;;;;;;;;;;;;;;;;;;;;
120;2;8;2;4;75;8;1;5;25;;;;;;;;;;;;;;;;;;;;;;;;
121;2;8;2;4;76;8;1;6;26;;;;;;;;;;;;;;;;;;;;;;;;
122;2;8;2;4;77;8;1;7;27;;;;;;;;;;;;;;;;;;;;;;;;
123;2;8;2;4;78;8;1;8;28;;;;;;;;;;;;;;;;;;;;;;;;
124;2;8;2;4;79;8;1;9;29;;;;;;;;;;;;;;;;;;;;;;;;
125;2;8;2;4;80;8;1;10;30;;;;;;;;;;;;;;;;;;;;;;;;
126;4;8;2;5;0;8;1;10;30;;;;;;;;;;;;;;;;;;;;;;;;
127;4;8;2;6;0;8;1;10;30;;;;;;;;;;;;;;;;;;;;;;;;
128;3;9;2;0;0;9;1;0;31;;;;;;;;;;;;;;;;;;;;;;;;
129;3;9;2;3;0;9;1;0;31;;;;;;;;;;;;;;;;;;;;;;;;
130;2;9;2;4;81;9;1;1;31;;;;;;;;;;;;;;;;;;;;;;;;
131;2;9;2;4;82;9;1;2;32;;;;;;;;;;;;;;;;;;;;;;;;
132;2;9;2;4;83;9;1;3;33;;;;;;;;;;;;;;;;;;;;;;;;
133;2;9;2;4;84;9;1;4;34;;;;;;;;;;;;;;;;;;;;;;;;
134;2;9;2;4;85;9;1;5;35;;;;;;;;;;;;;;;;;;;;;;;;
135;2;9;2;4;86;9;1;6;36;;;;;;;;;;;;;;;;;;;;;;;;
136;2;9;2;4;87;9;1;7;37;;;;;;;;;;;;;;;;;;;;;;;;
137;2;9;2;4;88;9;1;8;38;;;;;;;;;;;;;;;;;;;;;;;;
138;2;9;2;4;89;9;1;9;39;;;;;;;;;;;;;;;;;;;;;;;;
139;2;9;2;4;90;9;1;10;40;;;;;;;;;;;;;;;;;;;;;;;;
140;4;9;2;5;0;9;1;10;40;;;;;;;;;;;;;;;;;;;;;;;;
141;4;9;2;6;0;9;1;10;40;;;;;;;;;;;;;;;;;;;;;;;;
142;3;10;2;0;0;10;1;0;41;;;;;;;;;;;;;;;;;;;;;;;;
143;3;10;2;3;0;10;1;0;41;;;;;;;;;;;;;;;;;;;;;;;;
144;2;10;2;4;91;10;1;1;41;;;;;;;;;;;;;;;;;;;;;;;;
145;2;10;2;4;92;10;1;2;42;;;;;;;;;;;;;;;;;;;;;;;;
146;2;10;2;4;93;10;1;3;43;;;;;;;;;;;;;;;;;;;;;;;;
147;2;10;2;4;94;10;1;4;44;;;;;;;;;;;;;;;;;;;;;;;;
148;2;10;2;4;95;10;1;5;45;;;;;;;;;;;;;;;;;;;;;;;;
149;2;10;2;4;96;10;1;6;46;;;;;;;;;;;;;;;;;;;;;;;;
150;2;10;2;4;97;10;1;7;47;;;;;;;;;;;;;;;;;;;;;;;;
151;2;10;2;4;98;10;1;8;48;;;;;;;;;;;;;;;;;;;;;;;;
152;2;10;2;4;99;10;1;9;49;;;;;;;;;;;;;;;;;;;;;;;;
153;2;10;2;4;100;10;1;10;50;;;;;;;;;;;;;;;;;;;;;;;;
154;4;10;2;5;0;10;1;10;50;;;;;;;;;;;;;;;;;;;;;;;;
155;4;10;2;6;0;10;1;10;50;;;;;;;;;;;;;;;;;;;;;;;;
156;5;0;5;7;0;0;0;5;50;;;;;;;;;;;;;;;;;;;;;;;;
157;5;0;5;8;0;0;0;10;50;;;;;;;;;;;;;;;;;;;;;;;;
158;0;0;3;1;0;0;0;0;0;;;;;;;;;;;;;;;;;;;;;;;;
159;6;0;0;2;0;0;0;1;0;;;;;;;;;;;;;;;;;;;;;;;;
160;3;0;0;3;0;0;0;2;0;;;;;;;;;;;;;;;;;;;;;;;;
161;2;0;0;4;0;0;0;3;0;;;;;;;;;;;;;;;;;;;;;;;;
162;2;0;0;4;0;0;0;4;0;;;;;;;;;;;;;;;;;;;;;;;;
163;2;0;0;4;0;0;0;5;0;;;;;;;;;;;;;;;;;;;;;;;;
164;3;0;0;5;0;0;0;6;0;;;;;;;;;;;;;;;;;;;;;;;;
165;5;11;3;0;0;11;0;7;0;;;;;;;;;;;;;;;;;;;;;;;;
166;3;11;3;3;0;11;1;0;1;;;;;;;;;;;;;;;;;;;;;;;;
167;2;11;3;4;101;11;1;1;1;;;;;;;;;;;;;;;;;;;;;;;;
168;2;11;3;4;102;11;1;2;2;;;;;;;;;;;;;;;;;;;;;;;;
169;2;11;3;4;103;11;1;3;3;;;;;;;;;;;;;;;;;;;;;;;;
170;2;11;3;4;104;11;1;4;4;;;;;;;;;;;;;;;;;;;;;;;;
171;2;11;3;4;105;11;1;5;5;;;;;;;;;;;;;;;;;;;;;;;;
172;2;11;3;4;106;11;1;6;6;;;;;;;;;;;;;;;;;;;;;;;;
173;2;11;3;4;107;11;1;7;7;;;;;;;;;;;;;;;;;;;;;;;;
174;2;11;3;4;108;11;1;8;8;;;;;;;;;;;;;;;;;;;;;;;;
175;2;11;3;4;109;11;1;9;9;;;;;;;;;;;;;;;;;;;;;;;;
176;2;11;3;4;110;11;1;10;10;;;;;;;;;;;;;;;;;;;;;;;;
177;4;11;3;5;0;11;1;10;10;;;;;;;;;;;;;;;;;;;;;;;;
178;4;11;3;6;0;11;1;10;10;;;;;;;;;;;;;;;;;;;;;;;;
179;3;12;3;0;0;12;1;0;11;;;;;;;;;;;;;;;;;;;;;;;;
180;3;12;3;3;0;12;1;0;11;;;;;;;;;;;;;;;;;;;;;;;;
181;2;12;3;4;111;12;1;1;11;;;;;;;;;;;;;;;;;;;;;;;;
182;2;12;3;4;112;12;1;2;12;;;;;;;;;;;;;;;;;;;;;;;;
183;2;12;3;4;113;12;1;3;13;;;;;;;;;;;;;;;;;;;;;;;;
184;2;12;3;4;114;12;1;4;14;;;;;;;;;;;;;;;;;;;;;;;;
185;2;12;3;4;115;12;1;5;15;;;;;;;;;;;;;;;;;;;;;;;;
186;2;12;3;4;116;12;1;6;16;;;;;;;;;;;;;;;;;;;;;;;;
187;2;12;3;4;117;12;1;7;17;;;;;;;;;;;;;;;;;;;;;;;;
188;2;12;3;4;118;12;1;8;18;;;;;;;;;;;;;;;;;;;;;;;;
189;2;12;3;4;119;12;1;9;19;;;;;;;;;;;;;;;;;;;;;;;;
190;2;12;3;4;120;12;1;10;20;;;;;;;;;;;;;;;;;;;;;;;;
191;4;12;3;5;0;12;1;10;20;;;;;;;;;;;;;;;;;;;;;;;;
192;4;12;3;6;0;12;1;10;20;;;;;;;;;;;;;;;;;;;;;;;;
193;3;13;3;0;0;13;1;0;21;;;;;;;;;;;;;;;;;;;;;;;;
194;3;13;3;3;0;13;1;0;21;;;;;;;;;;;;;;;;;;;;;;;;
195;2;13;3;4;121;13;1;1;21;;;;;;;;;;;;;;;;;;;;;;;;
196;2;13;3;4;122;13;1;2;22;;;;;;;;;;;;;;;;;;;;;;;;
197;2;13;3;4;123;13;1;3;23;;;;;;;;;;;;;;;;;;;;;;;;
198;2;13;3;4;124;13;1;4;24;;;;;;;;;;;;;;;;;;;;;;;;
199;2;13;3;4;125;13;1;5;25;;;;;;;;;;;;;;;;;;;;;;;;
200;2;13;3;4;126;13;1;6;26;;;;;;;;;;;;;;;;;;;;;;;;
201;2;13;3;4;127;13;1;7;27;;;;;;;;;;;;;;;;;;;;;;;;
202;2;13;3;4;128;13;1;8;28;;;;;;;;;;;;;;;;;;;;;;;;
203;2;13;3;4;129;13;1;9;29;;;;;;;;;;;;;;;;;;;;;;;;
204;2;13;3;4;130;13;1;10;30;;;;;;;;;;;;;;;;;;;;;;;;
205;4;13;3;5;0;13;1;10;30;;;;;;;;;;;;;;;;;;;;;;;;
206;4;13;3;6;0;13;1;10;30;;;;;;;;;;;;;;;;;;;;;;;;
207;3;14;3;0;0;14;1;0;31;;;;;;;;;;;;;;;;;;;;;;;;
208;3;14;3;3;0;14;1;0;31;;;;;;;;;;;;;;;;;;;;;;;;
209;2;14;3;4;131;14;1;1;31;;;;;;;;;;;;;;;;;;;;;;;;
210;2;14;3;4;132;14;1;2;32;;;;;;;;;;;;;;;;;;;;;;;;
211;2;14;3;4;133;14;1;3;33;;;;;;;;;;;;;;;;;;;;;;;;
212;2;14;3;4;134;14;1;4;34;;;;;;;;;;;;;;;;;;;;;;;;
213;2;14;3;4;135;14;1;5;35;;;;;;;;;;;;;;;;;;;;;;;;
214;2;14;3;4;136;14;1;6;36;;;;;;;;;;;;;;;;;;;;;;;;
215;2;14;3;4;137;14;1;7;37;;;;;;;;;;;;;;;;;;;;;;;;
216;2;14;3;4;138;14;1;8;38;;;;;;;;;;;;;;;;;;;;;;;;
217;2;14;3;4;139;14;1;9;39;;;;;;;;;;;;;;;;;;;;;;;;
218;2;14;3;4;140;14;1;10;40;;;;;;;;;;;;;;;;;;;;;;;;
219;4;14;3;5;0;14;1;10;40;;;;;;;;;;;;;;;;;;;;;;;;
220;4;14;3;6;0;14;1;10;40;;;;;;;;;;;;;;;;;;;;;;;;
221;3;15;3;0;0;15;1;0;41;;;;;;;;;;;;;;;;;;;;;;;;
222;3;15;3;3;0;15;1;0;41;;;;;;;;;;;;;;;;;;;;;;;;
223;2;15;3;4;141;15;1;1;41;;;;;;;;;;;;;;;;;;;;;;;;
224;2;15;3;4;142;15;1;2;42;;;;;;;;;;;;;;;;;;;;;;;;
225;2;15;3;4;143;15;1;3;43;;;;;;;;;;;;;;;;;;;;;;;;
226;2;15;3;4;144;15;1;4;44;;;;;;;;;;;;;;;;;;;;;;;;
227;2;15;3;4;145;15;1;5;45;;;;;;;;;;;;;;;;;;;;;;;;
228;2;15;3;4;146;15;1;6;46;;;;;;;;;;;;;;;;;;;;;;;;
229;2;15;3;4;147;15;1;7;47;;;;;;;;;;;;;;;;;;;;;;;;
230;2;15;3;4;148;15;1;8;48;;;;;;;;;;;;;;;;;;;;;;;;
231;2;15;3;4;149;15;1;9;49;;;;;;;;;;;;;;;;;;;;;;;;
232;2;15;3;4;150;15;1;10;50;;;;;;;;;;;;;;;;;;;;;;;;
233;4;15;3;5;0;15;1;10;50;;;;;;;;;;;;;;;;;;;;;;;;
234;4;15;3;6;0;15;1;10;50;;;;;;;;;;;;;;;;;;;;;;;;
235;5;0;5;7;0;0;0;5;50;;;;;;;;;;;;;;;;;;;;;;;;
236;5;0;5;8;0;0;0;10;50;;;;;;;;;;;;;;;;;;;;;;;;
237;0;0;4;1;0;0;0;0;0;;;;;;;;;;;;;;;;;;;;;;;;
238;6;0;0;2;0;0;0;1;0;;;;;;;;;;;;;;;;;;;;;;;;
239;3;0;0;3;0;0;0;2;0;;;;;;;;;;;;;;;;;;;;;;;;
240;2;0;0;4;0;0;0;3;0;;;;;;;;;;;;;;;;;;;;;;;;
241;2;0;0;4;0;0;0;4;0;;;;;;;;;;;;;;;;;;;;;;;;
242;2;0;0;4;0;0;0;5;0;;;;;;;;;;;;;;;;;;;;;;;;
243;3;0;0;5;0;0;0;6;0;;;;;;;;;;;;;;;;;;;;;;;;
244;5;16;4;0;0;16;0;7;0;;;;;;;;;;;;;;;;;;;;;;;;
245;3;16;4;3;0;16;1;0;1;;;;;;;;;;;;;;;;;;;;;;;;
246;2;16;4;4;151;16;1;1;1;;;;;;;;;;;;;;;;;;;;;;;;
247;2;16;4;4;152;16;1;2;2;;;;;;;;;;;;;;;;;;;;;;;;
248;2;16;4;4;153;16;1;3;3;;;;;;;;;;;;;;;;;;;;;;;;
249;2;16;4;4;154;16;1;4;4;;;;;;;;;;;;;;;;;;;;;;;;
250;2;16;4;4;155;16;1;5;5;;;;;;;;;;;;;;;;;;;;;;;;
251;2;16;4;4;156;16;1;6;6;;;;;;;;;;;;;;;;;;;;;;;;
252;2;16;4;4;157;16;1;7;7;;;;;;;;;;;;;;;;;;;;;;;;
253;2;16;4;4;158;16;1;8;8;;;;;;;;;;;;;;;;;;;;;;;;
254;2;16;4;4;159;16;1;9;9;;;;;;;;;;;;;;;;;;;;;;;;
255;2;16;4;4;160;16;1;10;10;;;;;;;;;;;;;;;;;;;;;;;;
256;4;16;4;5;0;16;1;10;10;;;;;;;;;;;;;;;;;;;;;;;;
257;4;16;4;6;0;16;1;10;10;;;;;;;;;;;;;;;;;;;;;;;;
258;3;17;4;0;0;17;1;0;11;;;;;;;;;;;;;;;;;;;;;;;;
259;3;17;4;3;0;17;1;0;11;;;;;;;;;;;;;;;;;;;;;;;;
260;2;17;4;4;161;17;1;1;11;;;;;;;;;;;;;;;;;;;;;;;;
261;2;17;4;4;162;17;1;2;12;;;;;;;;;;;;;;;;;;;;;;;;
262;2;17;4;4;163;17;1;3;13;;;;;;;;;;;;;;;;;;;;;;;;
263;2;17;4;4;164;17;1;4;14;;;;;;;;;;;;;;;;;;;;;;;;
264;2;17;4;4;165;17;1;5;15;;;;;;;;;;;;;;;;;;;;;;;;
265;2;17;4;4;166;17;1;6;16;;;;;;;;;;;;;;;;;;;;;;;;
266;2;17;4;4;167;17;1;7;17;;;;;;;;;;;;;;;;;;;;;;;;
267;2;17;4;4;168;17;1;8;18;;;;;;;;;;;;;;;;;;;;;;;;
268;2;17;4;4;169;17;1;9;19;;;;;;;;;;;;;;;;;;;;;;;;
269;2;17;4;4;170;17;1;10;20;;;;;;;;;;;;;;;;;;;;;;;;
270;4;17;4;5;0;17;1;10;20;;;;;;;;;;;;;;;;;;;;;;;;
271;4;17;4;6;0;17;1;10;20;;;;;;;;;;;;;;;;;;;;;;;;
272;3;18;4;0;0;18;1;0;21;;;;;;;;;;;;;;;;;;;;;;;;
273;3;18;4;3;0;18;1;0;21;;;;;;;;;;;;;;;;;;;;;;;;
274;2;18;4;4;171;18;1;1;21;;;;;;;;;;;;;;;;;;;;;;;;
275;2;18;4;4;172;18;1;2;22;;;;;;;;;;;;;;;;;;;;;;;;
276;2;18;4;4;173;18;1;3;23;;;;;;;;;;;;;;;;;;;;;;;;
277;2;18;4;4;174;18;1;4;24;;;;;;;;;;;;;;;;;;;;;;;;
278;2;18;4;4;175;18;1;5;25;;;;;;;;;;;;;;;;;;;;;;;;
279;2;18;4;4;176;18;1;6;26;;;;;;;;;;;;;;;;;;;;;;;;
280;2;18;4;4;177;18;1;7;27;;;;;;;;;;;;;;;;;;;;;;;;
281;2;18;4;4;178;18;1;8;28;;;;;;;;;;;;;;;;;;;;;;;;
282;2;18;4;4;179;18;1;9;29;;;;;;;;;;;;;;;;;;;;;;;;
283;2;18;4;4;180;18;1;10;30;;;;;;;;;;;;;;;;;;;;;;;;
284;4;18;4;5;0;18;1;10;30;;;;;;;;;;;;;;;;;;;;;;;;
285;4;18;4;6;0;18;1;10;30;;;;;;;;;;;;;;;;;;;;;;;;
286;3;19;4;0;0;19;1;0;31;;;;;;;;;;;;;;;;;;;;;;;;
287;3;19;4;3;0;19;1;0;31;;;;;;;;;;;;;;;;;;;;;;;;
288;2;19;4;4;181;19;1;1;31;;;;;;;;;;;;;;;;;;;;;;;;
289;2;19;4;4;182;19;1;2;32;;;;;;;;;;;;;;;;;;;;;;;;
290;2;19;4;4;183;19;1;3;33;;;;;;;;;;;;;;;;;;;;;;;;
291;2;19;4;4;184;19;1;4;34;;;;;;;;;;;;;;;;;;;;;;;;
292;2;19;4;4;185;19;1;5;35;;;;;;;;;;;;;;;;;;;;;;;;
293;2;19;4;4;186;19;1;6;36;;;;;;;;;;;;;;;;;;;;;;;;
294;2;19;4;4;187;19;1;7;37;;;;;;;;;;;;;;;;;;;;;;;;
295;2;19;4;4;188;19;1;8;38;;;;;;;;;;;;;;;;;;;;;;;;
296;2;19;4;4;189;19;1;9;39;;;;;;;;;;;;;;;;;;;;;;;;
297;2;19;4;4;190;19;1;10;40;;;;;;;;;;;;;;;;;;;;;;;;
298;4;19;4;5;0;19;1;10;40;;;;;;;;;;;;;;;;;;;;;;;;
299;4;19;4;6;0;19;1;10;40;;;;;;;;;;;;;;;;;;;;;;;;
300;3;20;4;0;0;20;1;0;41;;;;;;;;;;;;;;;;;;;;;;;;
301;3;20;4;3;0;20;1;0;41;;;;;;;;;;;;;;;;;;;;;;;;
302;2;20;4;4;191;20;1;1;41;;;;;;;;;;;;;;;;;;;;;;;;
303;2;20;4;4;192;20;1;2;42;;;;;;;;;;;;;;;;;;;;;;;;
304;2;20;4;4;193;20;1;3;43;;;;;;;;;;;;;;;;;;;;;;;;
305;2;20;4;4;194;20;1;4;44;;;;;;;;;;;;;;;;;;;;;;;;
306;2;20;4;4;195;20;1;5;45;;;;;;;;;;;;;;;;;;;;;;;;
307;2;20;4;4;196;20;1;6;46;;;;;;;;;;;;;;;;;;;;;;;;
308;2;20;4;4;197;20;1;7;47;;;;;;;;;;;;;;;;;;;;;;;;
309;2;20;4;4;198;20;1;8;48;;;;;;;;;;;;;;;;;;;;;;;;
310;2;20;4;4;199;20;1;9;49;;;;;;;;;;;;;;;;;;;;;;;;
311;2;20;4;4;200;20;1;10;50;;;;;;;;;;;;;;;;;;;;;;;;
312;4;20;4;5;0;20;1;10;50;;;;;;;;;;;;;;;;;;;;;;;;
313;4;20;4;6;0;20;1;10;50;;;;;;;;;;;;;;;;;;;;;;;;
314;5;0;5;7;0;0;0;5;50;;;;;;;;;;;;;;;;;;;;;;;;
315;5;0;5;8;0;0;0;10;50;;;;;;;;;;;;;;;;;;;;;;;;
;;;;;;;;;;0;"-";;;;;;;;;;;;;;;;;;;;;;
;;;;;;;;;;1;"string space Because Mary humbled herself God exalted her by choosing her to be the Mother of His Son. Mary humbled herself God exalted her by choosing her to be the Mother of His Son.";;;;;;;;;;;;;;;;;;;;;;
;;;;;;;;;;2;"small bead";;;;;;;;;;;;;;;;;;;;;;
;;;;;;;;;;3;"big bead";;;;;;;;;;;;;;;;;;;;;;
;;;;;;;;;;4;"bead space";;;;;;;;;;;;;;;;;;;;;;
;;;;;;;;;;5;"icon";;;;;;;;;;;;;;;;;;;;;;
;;;;;;;;;;6;"crusifix";;;;;;;;;;;;;;;;;;;;;;
;;;;;;;;;;;;0;0;0;"";"spiritual preparation";"";;;;;;;;;;;;;;;;
;;;;;;;;;;;;1;1;1;"The First Joyful Mystery: The Annunciation";"<p>Mary's humility is at the heart of the meditations on the Annunciation. Because Mary humbled herself God exalted her by choosing her to be the Mother of His Son. If you are to make progress in your spiritual life and your relationship with those you love, you must learn to imitate Mary's humility.</p>";"<a href='http://www.how-to-pray-the-rosary-everyday.com/meditations-on-the-rosary.html' target='_blank'>link</a>";;;;;;;;;;;;;;;;
;;;;;;;;;;;;2;2;2;"The Second Joyful Mystery: The Visitation";"<p>In this mystery Mary sets the example of neighborly love. Immediately after the angel told Mary she would be the Mother of Jesus, she went to help her cousin who was also expecting a baby. Mary's response to this great news was to disregard her own needs and share her joy with Elizabeth. You too must share your blessings and joys with those you love. You can start by sharing the Rosary with them.</p>";"<a href='http://www.how-to-pray-the-rosary-everyday.com/meditations-on-the-rosary.html' target='_blank'>link</a>";;;;;;;;;;;;;;;;
;;;;;;;;;;;;3;4;3;"The Third Joyful Mystery: The Nativity";"<p>While Mary and Joseph were in Bethlehem, no one would give them a comfortable place to stay. Jesus had to be born in a stable. Would you have invited them into your home? Have you made room for them in your heart and room for Jesus in your life? The best way to start is by making room for the Rosary in your day.</p>";"<a href='http://www.how-to-pray-the-rosary-everyday.com/meditations-on-the-rosary.html' target='_blank'>link</a>";;;;;;;;;;;;;;;;
;;;;;;;;;;;;4;4;4;"The Fourth Joyful Mystery: The Presentation of Jesus at the Temple";"This mystery shows the importance of being faithful to your duties. Keep your religious obligations without delay, just as Mary and Joseph did when they took the baby Jesus to the temple to offer Him to God as was the Jewish law. Learn to embrace your duties and fulfill them faithfully.</p>";"<a href='http://www.how-to-pray-the-rosary-everyday.com/meditations-on-the-rosary.html' target='_blank'>link</a>";;;;;;;;;;;;;;;;
;;;;;;;;;;;;5;5;5;"The Fifth Joyful Mystery: The Finding of Jesus at the Temple";"<p>Jesus, Mary and Joseph went to Jerusalem in observance of a religious celebration. This mystery teaches your family to live, work and pray together. Praying a family Rosary every day is a sure way of accomplishing this goal.</p>";"<a href='http://www.how-to-pray-the-rosary-everyday.com/meditations-on-the-rosary.html' target='_blank'>link</a>";;;;;;;;;;;;;;;;
;;;;;;;;;;;;6;1;1;"First Luminous Mystery: The Baptism in the Jordan";"<p>When Jesus was baptized He was instituting the sacrament of baptism. This sacrament washes away original sin from your soul and makes you a brother or sister of Jesus and a child of God. As a child of God you are an heir to heaven. To receive heaven as your reward you must make your life a reflection of Jesus' the way Mary did. To accomplish this you must study their lives.</p>";"<a href='http://www.how-to-pray-the-rosary-everyday.com/meditations-on-the-rosary.html' target='_blank'>link</a>";;;;;;;;;;;;;;;;
;;;;;;;;;;;;7;2;2;"Second Luminous Mystery: The wedding at Cana, when Christ manifested himself";"<p>Mary was not only present at Jesus' first miracle at the wedding feast at Cana; He preformed it at her request. Let this be a lesson to you. Mary is the perfect advocate and mother to you because Jesus fulfills every one of Mary's requests. Bring all your worries and concerns to her and she will present them to Jesus her Son on your behalf.</p>";"<a href='http://www.how-to-pray-the-rosary-everyday.com/meditations-on-the-rosary.html' target='_blank'>link</a>";;;;;;;;;;;;;;;;
;;;;;;;;;;;;8;3;3;"Third Luminous Mystery: The Proclamation of the Kingdom";"<p>This mystery which sets Jesus up as King of not only your heart but also of the entire world, begs you to be courageous enough to be a true follower of Jesus in both your personal and public life.</p>";"<a href='http://www.how-to-pray-the-rosary-everyday.com/meditations-on-the-rosary.html' target='_blank'>link</a>";;;;;;;;;;;;;;;;
;;;;;;;;;;;;9;4;4;"Fourth Luminous Mystery: The Transfiguration of our Lord";"<p>This mystery recalls Jesus being transfigured into a glorious state on Mount Tabor. It is a foreshadowing of the glory to come. Let it bring to your mind the glory that awaits you when you pass from this life. You must desire holiness, and you must learn to accept and make the necessary sacrifices to attain it. Remember, without the cross, there is no crown.</p>";"<a href='http://www.how-to-pray-the-rosary-everyday.com/meditations-on-the-rosary.html' target='_blank'>link</a>";;;;;;;;;;;;;;;;
;;;;;;;;;;;;10;5;5;"Fifth Luminous Mystery: The Last Supper, when our Lord gave us the Eucharist";"<p>At the Last Supper, Jesus instituted the Eucharist. When you receive Jesus in the Holy Eucharist a union between Him and you is created. This bond creates in you a holy life that is filled with peace because Jesus is the source of all holiness and the giver of all graces.</p>";"<a href='http://www.how-to-pray-the-rosary-everyday.com/meditations-on-the-rosary.html' target='_blank'>link</a>";;;;;;;;;;;;;;;;
;;;;;;;;;;;;11;1;1;"First Sorrowful Mystery: The Agony in the Garden";"<p>Jesus experienced great agony and showed you the way to confront your own sufferings. You must imitate Jesus and turn to God in prayer at these times. When you pray remember to be open to God's will for you even as you ask Him to relieve your sufferings just as Jesus did at Gethsemane.</p>";"<a href='http://www.how-to-pray-the-rosary-everyday.com/meditations-on-the-rosary.html' target='_blank'>link</a>";;;;;;;;;;;;;;;;
;;;;;;;;;;;;12;2;2;"Second Sorrowful Mystery: The Scourging At The Pillar";"<p>The whips that scourged Jesus were caused by our sins. With Jesus' scourging in mind commit yourself to never again offend God by keeping your thoughts, words and deeds pure.</p>";"<a href='http://www.how-to-pray-the-rosary-everyday.com/meditations-on-the-rosary.html' target='_blank'>link</a>";;;;;;;;;;;;;;;;
;;;;;;;;;;;;13;3;3;"Third Sorrowful Mystery: The Crowning with Thorns";"<p>When thinking of the terrible crown of thorns Jesus was forced to wear, keep in mind He wore this crown in expiation for the sins of thought. Keep your mind free from trouble. Do not worry endlessly or be anxious about anything. Keep your thoughts holy and fixed on Jesus and things that are not of this world.</p>";"<a href='http://www.how-to-pray-the-rosary-everyday.com/meditations-on-the-rosary.html' target='_blank'>link</a>";;;;;;;;;;;;;;;;
;;;;;;;;;;;;14;4;4;"Fourth Sorrowful Mystery: The Carrying of the Cross";"Jesus' patience is the focus of His agonizing way of the cross. Jesus embraced His cross because it was the will of God and the purpose of His mission to redeem fallen man. You must follow Jesus' example by embracing the trials and sufferings of your daily life and uniting them to His sufferings.";"<a href='http://www.how-to-pray-the-rosary-everyday.com/meditations-on-the-rosary.html' target='_blank'>link</a>";;;;;;;;;;;;;;;;
;;;;;;;;;;;;15;5;5;"Fifth Sorrowful Mystery: The Crucifixion of Our Lord";"<p>The crucifixion is Jesus' ultimate act of redemption. This act of redemption was necessary because God being a just God desired that mankind make reparation for the disobedience of Adam and Eve. Only man could repair for his sin. For this reason, God became man in the Person of Jesus and suffered and died on the cross. Jesus did this for you. In return, you must strive to increase in all the virtues and persevere in faith.</p>";"<a href='http://www.how-to-pray-the-rosary-everyday.com/meditations-on-the-rosary.html' target='_blank'>link</a>";;;;;;;;;;;;;;;;
;;;;;;;;;;;;16;1;1;"First Glorious Mystery: The Resurrection";"<p>Your faith in Jesus should be firmly founded in this mystery, Jesus' Resurrection. You must spread this faith by leading a holy life. Never let an opportunity pass when you can be an example of Jesus' love.</p>";"<a href='http://www.how-to-pray-the-rosary-everyday.com/meditations-on-the-rosary.html' target='_blank'>link</a>";;;;;;;;;;;;;;;;
;;;;;;;;;;;;17;2;2;"Second Glorious Mystery: The Ascension";"<p>Jesus' Ascension brings hope to those here on earth. Jesus ascended into heaven before the Apostles very eyes. Jesus is in heaven now waiting to greet you. You will find peace as you learn to embrace your crosses and eagerly await the day you will be united with Jesus and His Mother Mary and with all the angels and the saints.</p>";"<a href='http://www.how-to-pray-the-rosary-everyday.com/meditations-on-the-rosary.html' target='_blank'>link</a>";;;;;;;;;;;;;;;;
;;;;;;;;;;;;18;3;3;"Third Glorious Mystery: The Descent of the Holy Spirit";"<p>The Descent of the Holy Spirit should incite in you a deep love of God. Jesus sent the third Person of the Blessed Trinity, the Holy Spirit to guide and protect the Church and to pour out His gifts upon its members. Become familiar with these gifts and learn to use them in your own life, for your good and for the good of all those you love. Don't let these marvelous gifts go to waste. Thank God for loving you so much. Not only did He become Man to die for your sins, He also send His Spirit to guide and protect you and His Church.</p>";"<a href='http://www.how-to-pray-the-rosary-everyday.com/meditations-on-the-rosary.html' target='_blank'>link</a>";;;;;;;;;;;;;;;;
;;;;;;;;;;;;19;4;4;"Fourth Glorious Mystery: The Assumption";"<p>Jesus took Mary, body and soul up to Heaven where He had a place prepared for her. Mary had perfected all virtues and her life resembled the life of Jesus in all things. The more you practice the virtues the holier you will become and soon you too can make your life a reflection of Jesus'.</p>";"<a href='http://www.how-to-pray-the-rosary-everyday.com/meditations-on-the-rosary.html' target='_blank'>link</a>";;;;;;;;;;;;;;;;
;;;;;;;;;;;;20;5;5;"Fifth Glorious Mystery: The Coronation";"<p>Because Mary shared in all Jesus' sufferings and because her life so perfectly resembled His, she was rewarded and crowned Queen of heaven and earth. She is a good Queen who wishes to distribute the many graces Jesus has given her upon her children if they just ask.</p>";"<a href='http://www.how-to-pray-the-rosary-everyday.com/meditations-on-the-rosary.html' target='_blank'>link</a>";;;;;;;;;;;;;;;;
;;;;;;;;;;;;;;;;;;0;0;"rosary preparation";;;;;;;;;;;;;
;;;;;;;;;;;;;;;;;;1;1;"Joyful Mystery";;;;;;;;;;;;;
;;;;;;;;;;;;;;;;;;2;2;"Luminous Mystery";;;;;;;;;;;;;
;;;;;;;;;;;;;;;;;;3;3;"Sorrowful Mystery";;;;;;;;;;;;;
;;;;;;;;;;;;;;;;;;4;4;"Glorious Mystery";;;;;;;;;;;;;
;;;;;;;;;;;;;;;;;;5;5;"rosary conclusion";;;;;;;;;;;;;
;;;;;;;;;;;;;;;;;;;;;0;"NAB Bible";;;;;;;;;;;
;;;;;;;;;;;;;;;;;;;;;1;"Judith";;;;;;;;;;;
;;;;;;;;;;;;;;;;;;;;;2;"Psalms";;;;;;;;;;;
;;;;;;;;;;;;;;;;;;;;;3;"Proverbs";;;;;;;;;;;
;;;;;;;;;;;;;;;;;;;;;4;"Songs a.ka. Ecclesiastes";;;;;;;;;;;
;;;;;;;;;;;;;;;;;;;;;5;"Sirach";;;;;;;;;;;
;;;;;;;;;;;;;;;;;;;;;6;"Isiah";;;;;;;;;;;
;;;;;;;;;;;;;;;;;;;;;7;"Matthew";;;;;;;;;;;
;;;;;;;;;;;;;;;;;;;;;8;"Mark";;;;;;;;;;;
;;;;;;;;;;;;;;;;;;;;;9;"Luke";;;;;;;;;;;
;;;;;;;;;;;;;;;;;;;;;10;"John";;;;;;;;;;;
;;;;;;;;;;;;;;;;;;;;;11;"Acts";;;;;;;;;;;
;;;;;;;;;;;;;;;;;;;;;12;"1 Corinthians";;;;;;;;;;;
;;;;;;;;;;;;;;;;;;;;;13;"Revelations";;;;;;;;;;;
;;;;;;;;;;;;;;;;;;;;;14;"Queenship of the B.V.M., Gradual";"<a href='http://w2.vatican.va/content/pius-xii/en/encyclicals/documents/hf_p-xii_enc_11101954_ad-caeli-reginam.html' target='_blank'>AD CAELI REGINAM - ENCYCLICAL OF POPE PIUS XII, October 11, 1954 </a>";;;;;;;;;;
;;;;;;;;;;;;;;;;;;;;;15;"Oremus";"<a href='http://www.oremus.org/liturgy/ccp/07mon.html' target='_blank'>Pentecost Alleluia</a>";;;;;;;;;;
;;;;;;;;;;;;;;;;;;;;;;;;0;0;0;0;"";;;;;
;;;;;;;;;;;;;;;;;;;;;;;;1;10;1;1;"In the beginning* was the Word, and the Word was with God, and the Word was God. - John 1:1";;;;;
;;;;;;;;;;;;;;;;;;;;;;;;2;10;1;2;"He was in the beginning with God. - John 1:2";;;;;
;;;;;;;;;;;;;;;;;;;;;;;;3;10;1;3;"All things came to be through him, and without him nothing came to be. What came to be - John 1:3";;;;;
;;;;;;;;;;;;;;;;;;;;;;;;4;10;1;4;"through him was life, and this life was the light of the human race; - John 1:4";;;;;
;;;;;;;;;;;;;;;;;;;;;;;;5;10;1;5;"the light shines in the darkness, and the darkness has not overcome it. - John 1:5";;;;;
;;;;;;;;;;;;;;;;;;;;;;;;6;10;1;6;"A man named John was sent from God. - John 1:6";;;;;
;;;;;;;;;;;;;;;;;;;;;;;;7;10;1;7;"He came for testimony, to testify to the light, so that all might believe through him. - John 1:7";;;;;
;;;;;;;;;;;;;;;;;;;;;;;;8;10;1;8;"He was not the light, but came to testify to the light. - John 1:8";;;;;
;;;;;;;;;;;;;;;;;;;;;;;;9;10;1;9;"The true light, which enlightens everyone, was coming into the world. - John 1:9";;;;;
;;;;;;;;;;;;;;;;;;;;;;;;10;10;1;10;"He was in the world, and the world came to be through him, but the world did not know him. - John 1:10";;;;;
;;;;;;;;;;;;;;;;;;;;;;;;11;10;1;11;"He came to what was his own, but his own people* did not accept him. - John 1:11";;;;;
;;;;;;;;;;;;;;;;;;;;;;;;12;10;1;12;"But to those who did accept him he gave power to become children of God, to those who believe in his name, - John 1:12";;;;;
;;;;;;;;;;;;;;;;;;;;;;;;13;10;1;13;"who were born not by natural generation nor by human choice nor by a man's decision but of God. - John 1:13";;;;;
;;;;;;;;;;;;;;;;;;;;;;;;14;10;1;14;"And the Word became flesh and made his dwelling among us, and we saw his glory, the glory as of the Father's only Son, full of grace and truth. - John 1:14";;;;;
;;;;;;;;;;;;;;;;;;;;;;;;15;9;1;26;"In the sixth month, the angel Gabriel was sent from God to a town of Galilee called Nazareth - Luke 1:26";;;;;
;;;;;;;;;;;;;;;;;;;;;;;;16;9;1;27;"to a virgin betrothed to a man named Joseph, of the house of David, and the virgin's name was Mary - Luke 1:27";;;;;
;;;;;;;;;;;;;;;;;;;;;;;;17;9;1;28;"And coming to her, he said, ""Hail, favored one! The Lord is with you."" - Luke 1:28";;;;;
;;;;;;;;;;;;;;;;;;;;;;;;18;9;1;29;"But she was greatly troubled at what was said and pondered what sort of greeting this might be. - Luke 1:29";;;;;
;;;;;;;;;;;;;;;;;;;;;;;;19;9;1;30;"Then the angel said to her, ""Do not be afraid, Mary, for you have found favor with God.""- Luke 1:30";;;;;
;;;;;;;;;;;;;;;;;;;;;;;;20;9;1;31;"Behold, you will conceive in your womb and bear a son, and you shall name him Jesus. - Luke 1:31";;;;;
;;;;;;;;;;;;;;;;;;;;;;;;21;9;1;32;"He will be great and will be called Son of the Most High, and the Lord God will give him the throne of David his father, - Luke: 1:32";;;;;
;;;;;;;;;;;;;;;;;;;;;;;;22;9;1;33;"and he will rule over the house of Jacob forever, and of his kingdom there will be no end."" - Luke 1:33";;;;;
;;;;;;;;;;;;;;;;;;;;;;;;23;9;1;34;"But Mary said to the angel, ""How can this be, since I have no relations with a man? - Luke 1: 34";;;;;
;;;;;;;;;;;;;;;;;;;;;;;;24;9;1;35;"And the angel said to her in reply, The holy Spirit will come upon you, and the power of the Most High will overshadow you. Therefore the child to be born will be called holy, the Son of God. - Luke 1: 35";;;;;
;;;;;;;;;;;;;;;;;;;;;;;;25;9;1;36;"And behold, Elizabeth, your relative, has also conceived a son in her old age, and this is the sixth month for her who was called barren; - Luke 1: 36";;;;;
;;;;;;;;;;;;;;;;;;;;;;;;26;9;1;37;"for nothing will be impossible for God."" - Luke 1: 37";;;;;
;;;;;;;;;;;;;;;;;;;;;;;;27;9;1;38;"Mary said, Behold, I am the handmaid of the Lord. May it be done to me according to your word."" Then the angel departed from her - Luke 1: 38";;;;;
;;;;;;;;;;;;;;;;;;;;;;;;28;7;1;20;"Such was his intention when, behold, the angel of the Lord* appeared to him in a dream and said, ""Joseph, son of David, do not be afraid to take Mary your wife into your home. For it is through the holy Spirit that this child has been conceived in her. - Matthew 1:20";;;;;
;;;;;;;;;;;;;;;;;;;;;;;;29;7;1;21;"She will bear a son and you are to name him Jesus,* because he will save his people from their sins."" -  Matthew 1:21";;;;;
;;;;;;;;;;;;;;;;;;;;;;;;30;7;1;22;"All this took place to fulfill what the Lord had said through the prophet: - Matthew 1:22";;;;;
;;;;;;;;;;;;;;;;;;;;;;;;31;9;1;39;"During those days Mary set out and traveled to the hill country in haste to a town of Judah, - Luke 1:39";;;;;
;;;;;;;;;;;;;;;;;;;;;;;;32;9;1;40;"where she entered the house of Zechariah and greeted Elizabeth. - Luke 1:40";;;;;
;;;;;;;;;;;;;;;;;;;;;;;;33;9;1;41;"When Elizabeth heard Mary's greeting, the infant leaped in her womb, and Elizabeth, filled with the holy Spirit, - Luke 1:41";;;;;
;;;;;;;;;;;;;;;;;;;;;;;;34;9;1;42;"cried out in a loud voice and said, ""Most blessed are you among women, and blessed is the fruit of your womb. - Luke 1:42";;;;;
;;;;;;;;;;;;;;;;;;;;;;;;35;9;1;43;"And how does this happen to me, that the mother of my Lordshould come to me? - Luke 1:43";;;;;
;;;;;;;;;;;;;;;;;;;;;;;;36;9;1;44;"For at the moment the sound of your greeting reached my ears, the infant in my womb leaped for joy. - Luke 1:44";;;;;
;;;;;;;;;;;;;;;;;;;;;;;;37;9;1;45;"Blessed are you who believed that what was spoken to you by the Lord would be fulfilled."" - Luke 1:45";;;;;
;;;;;;;;;;;;;;;;;;;;;;;;38;9;1;46;"And Mary said: ""My soul proclaims the greatness of the Lord; - Luke 1:46";;;;;
;;;;;;;;;;;;;;;;;;;;;;;;39;9;1;47;"my spirit rejoices in God my savior. - Luke 1:47";;;;;
;;;;;;;;;;;;;;;;;;;;;;;;40;9;1;48;"For he has looked upon his handmaid's lowliness; behold, from now on will all ages call me blessed. - Luke 1:48";;;;;
;;;;;;;;;;;;;;;;;;;;;;;;41;9;1;49;"The Mighty One has done great things for me, and holy is his name. - Luke 1:49";;;;;
;;;;;;;;;;;;;;;;;;;;;;;;42;9;1;50;"His mercy is from age to age to those who fear him. - Luke 1:50";;;;;
;;;;;;;;;;;;;;;;;;;;;;;;43;9;1;51;"He has shown might with his arm, dispersed the arrogant of mind and heart. - Luke 1:51";;;;;
;;;;;;;;;;;;;;;;;;;;;;;;44;9;1;52;"He has thrown down the rulers from their thrones but lifted up the lowly. - Luke 1:52";;;;;
;;;;;;;;;;;;;;;;;;;;;;;;45;9;1;53;"The hungry he has filled with good things, the rich he has sent away empty. - Luke 1:53";;;;;
;;;;;;;;;;;;;;;;;;;;;;;;46;9;1;54;"He has helped Israel his servant, remembering his mercy, - Luke 1:54";;;;;
;;;;;;;;;;;;;;;;;;;;;;;;47;9;1;55;"according to his promise to our fathers, to Abraham and to his descendants forever."" - Luke 1:55";;;;;
;;;;;;;;;;;;;;;;;;;;;;;;48;9;1;56;"Mary remained with her about three months and then returned to her home. - Luke 1:56";;;;;
;;;;;;;;;;;;;;;;;;;;;;;;49;9;1;57;"When the time arrived for Elizabeth to have her child she gave birth to a son. - Luke 1:57";;;;;
;;;;;;;;;;;;;;;;;;;;;;;;50;9;1;58;"Her neighbors and relatives heard that the Lord had shown his great mercy toward her, and they rejoiced with her. - Luke 1:58";;;;;
;;;;;;;;;;;;;;;;;;;;;;;;51;10;1;23;"He (John the Baptist) said: ""I am 'the voice of one crying out in the desert, ""Make straight the way of the Lord,""' as Isaiah the prophet said."" - John 1:23";;;;;
;;;;;;;;;;;;;;;;;;;;;;;;52;8;1;7;"And this is what he (John the Baptist) proclaimed: ""One mightier than I is coming after me. I am not worthy to stoop and loosen the thongs of his sandals. - Mark 1:7";;;;;
;;;;;;;;;;;;;;;;;;;;;;;;53;7;3;11;"I am baptizing you with water, for repentance, but the one who is coming after me is mightier than I. I am not worthy to carry his sandals. He will baptize you with the holy Spirit and fire. - Matthew 3:11";;;;;
;;;;;;;;;;;;;;;;;;;;;;;;54;10;1;29;"The next day he saw Jesus coming toward him and said, ""Behold, the Lamb of God,* who takes away the sin of the world. - John 1:29";;;;;
;;;;;;;;;;;;;;;;;;;;;;;;55;7;3;13;"Then Jesus came from Galilee to John at the Jordan to be baptized by him. - Matthew 3:13";;;;;
;;;;;;;;;;;;;;;;;;;;;;;;56;7;3;14;"John tried to prevent him, saying, ""I need to be baptized by you, and yet you are coming to me?"" - Matthew 3:14";;;;;
;;;;;;;;;;;;;;;;;;;;;;;;57;7;3;15;"Jesus said to him in reply, ""Allow it now, for thus it is fitting for us to fulfill all righteousness."" Then he allowed him.  - Matthew 3:15";;;;;
;;;;;;;;;;;;;;;;;;;;;;;;58;7;3;16;"After Jesus was baptized, he came up from the water and behold, the heavens were opened [for him], and he saw the Spirit of God descending like a dove [and] coming upon him. - Matthew 3:16";;;;;
;;;;;;;;;;;;;;;;;;;;;;;;59;7;3;17;"And a voice came from the heavens, saying, ""This is my beloved Son,* with whom I am well pleased."" - Matthew 3:17";;;;;
;;;;;;;;;;;;;;;;;;;;;;;;60;8;1;12;"At once the Spirit drove him out into the desert / and he remained in the desert for forty days, tempted by Satan. He was among wild beasts, and the angels ministered to him. - Mark 1:12-13";;;;;
;;;;;;;;;;;;;;;;;;;;;;;;61;10;2;1;"On the third day there was a wedding* in Cana* in Galilee, and the mother of Jesus was there. - John 2:1";;;;;
;;;;;;;;;;;;;;;;;;;;;;;;62;10;2;3;"When the wine ran short, the mother of Jesus said to him, ""They have no wine."" - John 2:3";;;;;
;;;;;;;;;;;;;;;;;;;;;;;;63;10;2;4;"[And] Jesus said to her, ""Woman, how does your concern affect me? My hour has not yet come."" - John 2:4";;;;;
;;;;;;;;;;;;;;;;;;;;;;;;64;10;2;5;"His mother said to the servers, ""Do whatever he tells you."" - John 2:5";;;;;
;;;;;;;;;;;;;;;;;;;;;;;;65;10;2;6;"Now there were six stone water jars there for Jewish ceremonial washings,d each holding twenty to thirty gallons. - John 2:6";;;;;
;;;;;;;;;;;;;;;;;;;;;;;;66;10;2;7;"Jesus told them, ""Fill the jars with water."" So they filled them to the brim. - John 2:7";;;;;
;;;;;;;;;;;;;;;;;;;;;;;;67;10;2;8;"Then he told them, ""Draw some out now and take it to the headwaiter."" So they took it. - John 2:8";;;;;
;;;;;;;;;;;;;;;;;;;;;;;;68;10;2;9;"And when the headwaiter tasted the water that had become wine, without knowing where it came from (although the servers who had drawn the water knew), the headwaiter called the bridegroom - John 2:9";;;;;
;;;;;;;;;;;;;;;;;;;;;;;;69;10;2;10;"and said to him, ""Everyone serves good wine first, and then when people have drunk freely, an inferior one; but you have kept the good wine until now."" - John 2:10";;;;;
;;;;;;;;;;;;;;;;;;;;;;;;70;10;2;11;"Jesus did this as the beginning of his signs* in Cana in Galilee and so revealed his glory, and his disciples began to believe in him. - John 2:11";;;;;
;;;;;;;;;;;;;;;;;;;;;;;;71;8;1;14;"After John had been arrested,* Jesus came to Galilee proclaiming the gospel of God: - Mark 1:14";;;;;
;;;;;;;;;;;;;;;;;;;;;;;;72;10;1;4;"through him was life, and this life was the light of the human race; / the light shines in the darkness, and the darkness has not overcome it. - John 1:4-5";;;;;
;;;;;;;;;;;;;;;;;;;;;;;;73;8;1;15;"""This is the time of fulfillment. The kingdom of God is at hand. Repent, and believe in the gospel."" - Mark 1:15";;;;;
;;;;;;;;;;;;;;;;;;;;;;;;74;8;2;2;"Many gathered together so that there was no longer room for them, not even around the door, and he preached the word to them. - Mark 2:2";;;;;
;;;;;;;;;;;;;;;;;;;;;;;;75;8;2;4;"Unable to get near Jesus because of the crowd, they opened up the roof above him. After they had broken through, they let down the mat on which the paralytic was lying. - Mark 2:4";;;;;
;;;;;;;;;;;;;;;;;;;;;;;;76;8;2;9;"Which is easier, to say to the paralytic, 'Your sins are forgiven,' or to say, 'Rise, pick up your mat and walk'? - Mark 2:9";;;;;
;;;;;;;;;;;;;;;;;;;;;;;;77;8;2;10;"But that you may know that the Son of Man has authority to forgive sins on earth"" / he said to the paralytic, ""I say to you, rise, pick up your mat, and go home."" - Mark 2:10-11";;;;;
;;;;;;;;;;;;;;;;;;;;;;;;78;7;10;1;"Then he summoned his twelve disciples* and gave them authority over unclean spirits to drive them out and to cure every disease and every illness. - Matthew 10:1";;;;;
;;;;;;;;;;;;;;;;;;;;;;;;79;7;10;5;"Jesus sent out these twelve* after instructing them thus, ""Do not go into pagan territory or enter a Samaritan town. / As you go, make this proclamation: 'The kingdom of heaven is at hand.' - Matthew 10:5 & 7";;;;;
;;;;;;;;;;;;;;;;;;;;;;;;80;10;20;22;"And when he had said this, he breathed on them and said to them, ""Receive the holy Spirit. / Whose sins you forgive are forgiven them, and whose sins you retain are retained."" - John 20:22-23";;;;;
;;;;;;;;;;;;;;;;;;;;;;;;81;7;17;2;"When he entered the house, the blind men approached him and Jesus said to them, ""Do you believe that I can do this?"" ""Yes, Lord,"" they said to him. - Luke 9:28";;;;;
;;;;;;;;;;;;;;;;;;;;;;;;82;7;17;2;"And he was transfigured before them; his face shone like the sun and his clothes became white as light.  - Matthew 17:2";;;;;
;;;;;;;;;;;;;;;;;;;;;;;;83;7;17;3;"And behold, Moses and Elijah appeared to them, conversing with him. - Matthew 17:3";;;;;
;;;;;;;;;;;;;;;;;;;;;;;;84;9;9;31;"who appeared in glory and spoke of his exodus that he was going to accomplish in Jerusalem. - Luke 9:31";;;;;
;;;;;;;;;;;;;;;;;;;;;;;;85;7;17;4;"Then Peter said to Jesus in reply, ""Lord, it is good that we are here. If you wish, I will make three tents* here, one for you, one for Moses, and one for Elijah."" - Matthew 17:4";;;;;
;;;;;;;;;;;;;;;;;;;;;;;;86;9;9;34;"While he was still speaking, a cloud came and cast a shadow over them, and they became frightened when they entered the cloud. - Luke 9:34";;;;;
;;;;;;;;;;;;;;;;;;;;;;;;87;9;9;35;"Then from the cloud came a voice that said, ""This is my chosen Son; listen to him."" - Luke 9:35";;;;;
;;;;;;;;;;;;;;;;;;;;;;;;88;8;9;8;"Suddenly, looking around, they no longer saw anyone but Jesus alone with them. - Mark 9:8";;;;;
;;;;;;;;;;;;;;;;;;;;;;;;89;8;9;9;"As they were coming down from the mountain, he charged them not to relate what they had seen to anyone, except when the Son of Man had risen from the dead. - Mark 9:9";;;;;
;;;;;;;;;;;;;;;;;;;;;;;;90;8;9;10;"So they kept the matter to themselves, questioning what rising from the dead meant. - Mark 9:10";;;;;
;;;;;;;;;;;;;;;;;;;;;;;;91;7;26;17;"On the first day of the Feast of Unleavened Bread,* the disciples approached Jesus and said, ""Where do you want us to prepare for you to eat the Passover?"" - Matthew 26:17";;;;;
;;;;;;;;;;;;;;;;;;;;;;;;92;7;26;18;"He said, ""Go into the city to a certain man and tell him, 'The teacher says, ""My appointed time draws near; in your house I shall celebrate the Passover with my disciples."" ' "" - Matthew 26:18";;;;;
;;;;;;;;;;;;;;;;;;;;;;;;93;9;22;14;"When the hour came, he took his place at table with the apostles. / He said to them, ""I have eagerly desired to eat this Passover* with you before I suffer, - Luke 22:14-15";;;;;
;;;;;;;;;;;;;;;;;;;;;;;;94;7;26;21;"And while they were eating, he said, ""Amen, I say to you, one of you will betray me."" - Matthew 26:21";;;;;
;;;;;;;;;;;;;;;;;;;;;;;;95;7;26;25;"Then Judas, his betrayer, said in reply, ""Surely it is not I, Rabbi?"" He answered, ""You have said so."" - Matthew 26:25";;;;;
;;;;;;;;;;;;;;;;;;;;;;;;96;7;26;26;"While they were eating, Jesus took bread, said the blessing, broke it, and giving it to his disciples said, ""Take and eat; this is my body."" - Matthew 26:26";;;;;
;;;;;;;;;;;;;;;;;;;;;;;;97;7;26;27;"Then he took a cup, gave thanks,* and gave it to them, saying, ""Drink from it, all of you, / for this is my blood of the covenant, which will be shed on behalf of many for the forgiveness of sins.  - Matthew 26:27-28";;;;;
;;;;;;;;;;;;;;;;;;;;;;;;98;12;11;26;"For as often as you eat this bread and drink the cup, you proclaim the death of the Lord until he comes. - 1 Corinthians 11:26";;;;;
;;;;;;;;;;;;;;;;;;;;;;;;99;10;6;51;"I am the living bread that came down from heaven; whoever eats this bread will live forever; and the bread that I will give is my flesh for the life of the world."" - John 6:51";;;;;
;;;;;;;;;;;;;;;;;;;;;;;;100;10;6;54;"'He who eats my flesh and drinks my blood has eternal life, and I will raise him at the last day.' - John 6:54";;;;;
;;;;;;;;;;;;;;;;;;;;;;;;101;7;26;36;"Then Jesus went with them to a place called Gethsemane. / And he began to be sorrowful and troubled. - Matthew 26:36-37";;;;;
;;;;;;;;;;;;;;;;;;;;;;;;102;7;26;38;"Then Jesus came with them to a place called Gethsemane,* and he said to his disciples, ""Sit here while I go over there and pray."" / He took along Peter and the two sons of Zebedee,* and began to feel sorrow and distress. - Matthew 26:38";;;;;
;;;;;;;;;;;;;;;;;;;;;;;;103;9;22;41;"After withdrawing about a stone's throw from them and kneeling, he prayed, - Luke 22:41";;;;;
;;;;;;;;;;;;;;;;;;;;;;;;104;9;22;42;"saying, ""Father, if you are willing, take this cup away from me; still, not my will but yours be done."" - Luke 22:42";;;;;
;;;;;;;;;;;;;;;;;;;;;;;;105;9;22;43;"And to strengthen him an angel from heaven appeared to him. - Luke 22:43";;;;;
;;;;;;;;;;;;;;;;;;;;;;;;106;9;22;44;"He was in such agony and he prayed so fervently that his sweat became like drops of blood falling on the ground.] - Luke 22:44 - Luke 22:44";;;;;
;;;;;;;;;;;;;;;;;;;;;;;;107;9;22;44;"He was in such agony and he prayed so fervently that his sweat became like drops of blood falling on the ground.] - Luke 22:44";;;;;
;;;;;;;;;;;;;;;;;;;;;;;;108;7;26;40;"When he returned to his disciples he found them asleep. He said to Peter, ""So you could not keep watch with me for one hour? - Matthew 26:40";;;;;
;;;;;;;;;;;;;;;;;;;;;;;;109;7;26;41;"Watch and pray that you may not undergo the test.* The spirit is willing, but the flesh is weak."" - Matthew 26:41";;;;;
;;;;;;;;;;;;;;;;;;;;;;;;110;7;26;41;"Watch and pray that you may not undergo the test.* The spirit is willing, but the flesh is weak."" - Matthew 26:41";;;;;
;;;;;;;;;;;;;;;;;;;;;;;;111;8;15;1;"As soon as morning came, the chief priests with the elders and the scribes, that is, the whole Sanhedrin, held a council.* They bound Jesus, led him away, and handed him over to Pilate. / Pilate questioned him, ""Are you the king of the Jews?""* He said to him in reply, ""You say so."" - Mark 15:1-2";;;;;
;;;;;;;;;;;;;;;;;;;;;;;;112;10;18;36;"Jesus answered, ""My kingdom does not belong to this world. If my kingdom did belong to this world, my attendants [would] be fighting to keep me from being handed over to the Jews. But as it is, my kingdom is not here."" - John 18:36";;;;;
;;;;;;;;;;;;;;;;;;;;;;;;113;10;18;37;"So Pilate said to him, ""Then you are a king?"" Jesus answered, ""You say I am a king.* For this I was born and for this I came into the world, to testify to the truth. Everyone who belongs to the truth listens to my voice."" - John 18:37";;;;;
;;;;;;;;;;;;;;;;;;;;;;;;114;10;18;38;"Pilate said to him, ""What is truth?"" When he had said this, he again went out to the Jews and said to them, ""I find no guilt in him. - John 18:38";;;;;
;;;;;;;;;;;;;;;;;;;;;;;;115;9;23;16;"Therefore I shall have him flogged and then release him."" / Then Pilate took Jesus and had him scourged. - Luke 23:16, John 19:1";;;;;
;;;;;;;;;;;;;;;;;;;;;;;;116;6;53;3;"He was spurned and avoided by men, a man of suffering, knowing pain, Like one from whom you turn your face, spurned, and we held him in no esteem. - Isaiah 53:3";;;;;
;;;;;;;;;;;;;;;;;;;;;;;;117;6;3;7;"Though harshly treated, he submitted and did not open his mouth; Like a lamb led to slaughter or a sheep silent before shearers, he did not open his mouth. - Isaiah 53:7";;;;;
;;;;;;;;;;;;;;;;;;;;;;;;118;6;53;5;"But he was pierced for our sins, crushed for our iniquity. He bore the punishment that makes us whole, by his wounds we were healed. - Isaiah 53:5";;;;;
;;;;;;;;;;;;;;;;;;;;;;;;119;6;53;4;"Yet it was our pain that he bore, our sufferings he endured. We thought of him as stricken, struck down by God* and afflicted, - Isaiah 53:4";;;;;
;;;;;;;;;;;;;;;;;;;;;;;;120;6;53;5;"But he was pierced for our sins, crushed for our iniquity. He bore the punishment that makes us whole, by his wounds we were healed. - Isaiah 53:5";;;;;
;;;;;;;;;;;;;;;;;;;;;;;;121;8;15;16;"The soldiers led him away inside the palace, that is, the praetorium, and assembled the whole cohort. / They clothed him in purple and, weaving a crown of thorns, placed it on him. / They stripped off his clothes and threw a scarlet military cloak* about him. - Mark 15:16-17, Matthew 27:28";;;;;
;;;;;;;;;;;;;;;;;;;;;;;;122;7;27;29;"Weaving a crown out of thorns,* they placed it on his head, and a reed in his right hand. And kneeling before him, they mocked him, saying, ""Hail, King of the Jews!"" - Matthew 27:29";;;;;
;;;;;;;;;;;;;;;;;;;;;;;;123;7;27;29;"Weaving a crown out of thorns,* they placed it on his head, and a reed in his right hand. And kneeling before him, they mocked him, saying, ""Hail, King of the Jews!"" - Matthew 27:29";;;;;
;;;;;;;;;;;;;;;;;;;;;;;;124;7;27;30;"They spat upon him* and took the reed and kept striking him on the head. - Matthew 27:30";;;;;
;;;;;;;;;;;;;;;;;;;;;;;;125;7;27;24;"When Pilate saw that he was not succeeding at all, but that a riot was breaking out instead, he took water and washed his hands in the sight of the crowd, saying, ""I am innocent of this man's blood. Look to it yourselves."" - Matthew 27:24";;;;;
;;;;;;;;;;;;;;;;;;;;;;;;126;10;19;15;"So Jesus came out, wearing the crown of thorns and the purple cloak. And he said to them, ""Behold, the man!"" - John 19:5";;;;;
;;;;;;;;;;;;;;;;;;;;;;;;127;10;19;15;"They cried out, ""Take him away, take him away! Crucify him!"" Pilate said to them, ""Shall I crucify your king?"" The chief priests answered, ""We have no king but Caesar."" - John 19:15";;;;;
;;;;;;;;;;;;;;;;;;;;;;;;128;8;15;14;"Pilate said to them, ""Why? What evil has he done?"" They only shouted the louder, ""Crucify him."" - Mark 15:14";;;;;
;;;;;;;;;;;;;;;;;;;;;;;;129;10;19;15;"They cried out, ""Take him away, take him away! Crucify him!"" Pilate said to them, ""Shall I crucify your king?"" The chief priests answered, ""We have no king but Caesar."" - John 19:15";;;;;
;;;;;;;;;;;;;;;;;;;;;;;;130;8;15;15;"So Pilate, wishing to satisfy the crowd, released Barabbas to them and, after he had Jesus scourged, handed him over to be crucified. - Mark 15:15";;;;;
;;;;;;;;;;;;;;;;;;;;;;;;131;9;9;23;"Then he said to all, ""If anyone wishes to come after me, he must deny himself and take up his cross daily* and follow me. - Luke 9:23";;;;;
;;;;;;;;;;;;;;;;;;;;;;;;132;9;9;23;"Then he said to all, ""If anyone wishes to come after me, he must deny himself and take up his cross daily* and follow me. - Luke 9:23";;;;;
;;;;;;;;;;;;;;;;;;;;;;;;133;10;19;17;"and carrying the cross himself* he went out to what is called the Place of the Skull, in Hebrew, Golgotha. - John 19:17";;;;;
;;;;;;;;;;;;;;;;;;;;;;;;134;9;23;26;"As they led him away they took hold of a certain Simon, a Cyrenian, who was coming in from the country; and after laying the cross on him, they made him carry it behind Jesus. - Luke 23:26";;;;;
;;;;;;;;;;;;;;;;;;;;;;;;135;7;11;28;"""Come to me, all you who labor and are burdened,* and I will give you rest. - Matthew 11:28";;;;;
;;;;;;;;;;;;;;;;;;;;;;;;136;7;11;29;"Take my yoke upon you and learn from me, for I am meek and humble of heart; and you will find rest for yourselves. - Matthew 11:29";;;;;
;;;;;;;;;;;;;;;;;;;;;;;;137;7;11;30;"For my yoke is easy, and my burden light."" - Matthew 11:30";;;;;
;;;;;;;;;;;;;;;;;;;;;;;;138;9;23;27;"A large crowd of people followed Jesus, including many women who mourned and lamented him. - Luke 23:27";;;;;
;;;;;;;;;;;;;;;;;;;;;;;;139;9;23;28;"Jesus turned to them and said, ""Daughters of Jerusalem, do not weep for me; weep instead for yourselves and for your children, - Luke 23:28";;;;;
;;;;;;;;;;;;;;;;;;;;;;;;140;9;23;31;"for if these things are done when the wood is green what will happen when it is dry?"" - Luke 23:31";;;;;
;;;;;;;;;;;;;;;;;;;;;;;;141;9;23;33;"When they came to the place called the Skull, they crucified him and the criminals there, one on his right, the other on his left. - Luke 23:33";;;;;
;;;;;;;;;;;;;;;;;;;;;;;;142;9;23;34;"[Then Jesus said, ""Father, forgive them, they know not what they do.""]* They divided his garments by casting lots. - Luke 23:34";;;;;
;;;;;;;;;;;;;;;;;;;;;;;;143;9;23;39;"Now one of the criminals hanging there reviled Jesus, saying, ""Are you not the Messiah? Save yourself and us."" / Let the Messiah, the King of Israel, come down now from the cross that we may see and believe."" Those who were crucified with him also kept abusing him. - Luke 23:39, 42; Mark 15:32";;;;;
;;;;;;;;;;;;;;;;;;;;;;;;144;9;23;43;"He replied to him, ""Amen, I say to you, today you will be with me in Paradise."" - Luke 23:43";;;;;
;;;;;;;;;;;;;;;;;;;;;;;;145;10;19;25;"Standing by the cross of Jesus were his mother and his mother's sister, Mary the wife of Clopas, and Mary of Magdala. - John 19:25";;;;;
;;;;;;;;;;;;;;;;;;;;;;;;146;10;19;26;"JThen he said to the disciple, ""Behold, your mother."" And from that hour the disciple took her into his home. - John 19:26";;;;;
;;;;;;;;;;;;;;;;;;;;;;;;147;10;19;27;"Then he said to the disciple, ""Behold, your mother."" And from that hour the disciple took her into his home. - John 19:27";;;;;
;;;;;;;;;;;;;;;;;;;;;;;;148;9;23;44;"It was now about noon and darkness came over the whole land until three in the afternoon / And behold, the veil of the sanctuary was torn in two from top to bottom.* The earth quaked, rocks were split, - Luke 23:44; Matthew 27:51";;;;;
;;;;;;;;;;;;;;;;;;;;;;;;149;9;23;46;"Jesus cried out in a loud voice, ""Father, into your hands I commend my spirit""; and when he had said this he breathed his last. - Luke 23:46";;;;;
;;;;;;;;;;;;;;;;;;;;;;;;150;10;19;30;"When Jesus had taken the wine, he said, ""It is finished."" And bowing his head, he handed over the spirit. - John 19:30";;;;;
;;;;;;;;;;;;;;;;;;;;;;;;151;10;16;20;"""Truly, Truly, I say to you, / you will weep and lament, / but the world will rejoice; / you will be sorrowful, / but your sorrow will turn into joy."" - John 16:20";;;;;
;;;;;;;;;;;;;;;;;;;;;;;;152;10;16;22;"So you also are now in anguish. But I will see you again, and your hearts will rejoice, and no one will take your joy away from you. - John 16:22";;;;;
;;;;;;;;;;;;;;;;;;;;;;;;153;9;24;1;"But at daybreak on the first day of the week they took the spices they had prepared and went to the tomb. - Luke 24:1";;;;;
;;;;;;;;;;;;;;;;;;;;;;;;154;7;28;2;"And behold, there was a great earthquake; for an angel of the Lord descended from heaven, approached, rolled back the stone, and sat upon it. - Matthew 28:2";;;;;
;;;;;;;;;;;;;;;;;;;;;;;;155;7;28;5;"Then the angel said to the women in reply, ""Do not be afraid! I know that you are seeking Jesus the crucified. - Matthew 28:5";;;;;
;;;;;;;;;;;;;;;;;;;;;;;;156;9;24;6;"He is not here, but he has been raised.* Remember what he said to you while he was still in Galilee, - Luke 24:6";;;;;
;;;;;;;;;;;;;;;;;;;;;;;;157;7;28;7;"Then go quickly and tell his disciples, 'He has been raised from the dead, and he is going before you to Galilee; there you will see him.' Behold, I have told you."" - Matthew 28:7";;;;;
;;;;;;;;;;;;;;;;;;;;;;;;158;8;16;8;"Then they went out and fled from the tomb, seized with trembling and bewilderment. They said nothing to anyone, for they were afraid. / Then they went away quickly from the tomb, fearful yet overjoyed, and ran to announce* this to his disciples. - Mark 16:8; Mt 28:8";;;;;
;;;;;;;;;;;;;;;;;;;;;;;;159;10;11;25;"""I am the resurrection and the life; / he who believes in me, / though he die, / yet shall he live."" - John 11:25";;;;;
;;;;;;;;;;;;;;;;;;;;;;;;160;10;11;26;"and everyone who lives and believes in me will never die. Do you believe this?"" - John 11:26";;;;;
;;;;;;;;;;;;;;;;;;;;;;;;161;9;24;50;"Then he led them [out] as far as Bethany, raised his hands, and blessed them. - Luke 24:50";;;;;
;;;;;;;;;;;;;;;;;;;;;;;;162;7;28;18;"Then Jesus approached and said to them, ""All power in heaven and on earth has been given to me. - Matthew 28:18";;;;;
;;;;;;;;;;;;;;;;;;;;;;;;163;7;28;19;"Go, therefore,* and make disciples of all nations, baptizing them in the name of the Father, and of the Son, and of the holy Spirit, - Matthew 28:19";;;;;
;;;;;;;;;;;;;;;;;;;;;;;;164;7;28;19;"Go, therefore,* and make disciples of all nations, baptizing them in the name of the Father, and of the Son, and of the holy Spirit, - Matthew 28:19";;;;;
;;;;;;;;;;;;;;;;;;;;;;;;165;7;28;20;"teaching them to observe all that I have commanded you.* And behold, I am with you always, until the end of the age."" - Matthew 28:20";;;;;
;;;;;;;;;;;;;;;;;;;;;;;;166;8;16;16;"Whoever believes and is baptized will be saved; whoever does not believe will be condemned. - Mark 16:16";;;;;
;;;;;;;;;;;;;;;;;;;;;;;;167;8;16;16;"Whoever believes and is baptized will be saved; whoever does not believe will be condemned. - Mark 16:16";;;;;
;;;;;;;;;;;;;;;;;;;;;;;;168;7;28;20;"teaching them to observe all that I have commanded you.* And behold, I am with you always, until the end of the age."" - Matthew 28:20";;;;;
;;;;;;;;;;;;;;;;;;;;;;;;169;11;1;9;"When he had said this, as they were looking on, he was lifted up, and a cloud took him from their sight. - Acts 1:9";;;;;
;;;;;;;;;;;;;;;;;;;;;;;;170;8;16;19;"So then the Lord Jesus, after he spoke to them, was taken up into heaven and took his seat at the right hand of God. - Mark 16:19";;;;;
;;;;;;;;;;;;;;;;;;;;;;;;171;11;2;1;"When the time for Pentecost was fulfilled, they were all in one place together. - Acts 2:1";;;;;
;;;;;;;;;;;;;;;;;;;;;;;;172;11;2;2;"And suddenly there came from the sky a noise like a strong driving wind,* and it filled the entire house in which they were. - Acts 2:2";;;;;
;;;;;;;;;;;;;;;;;;;;;;;;173;11;2;3;"Then there appeared to them tongues as of fire,* which parted and came to rest on each one of them. - Acts 2:3";;;;;
;;;;;;;;;;;;;;;;;;;;;;;;174;11;2;4;"And they were all filled with the holy Spirit and began to speak in different tongues,* as the Spirit enabled them to proclaim. / both Jews and converts to Judaism, Cretans and Arabs, yet we hear them speaking in our own tongues of the mighty acts of God."" - Acts 2:4,11";;;;;
;;;;;;;;;;;;;;;;;;;;;;;;175;11;2;5;"Now there were devout Jews from every nation under heaven staying in Jerusalem. - Acts 2:5";;;;;
;;;;;;;;;;;;;;;;;;;;;;;;176;11;2;14;"Then Peter stood up with the Eleven, raised his voice, and proclaimed to them, ""You who are Jews, indeed all of you staying in Jerusalem. Let this be known to you, and listen to my words. - Acts 2:14";;;;;
;;;;;;;;;;;;;;;;;;;;;;;;177;11;2;38;"Peter [said] to them, ""Repent and be baptized,* every one of you, in the name of Jesus Christ for the forgiveness of your sins; and you will receive the gift of the holy Spirit. - Acts 2:38";;;;;
;;;;;;;;;;;;;;;;;;;;;;;;178;11;2;41;"Those who accepted his message were baptized, and about three thousand persons were added that day. - Acts 2:41";;;;;
;;;;;;;;;;;;;;;;;;;;;;;;179;15;0;0;"Send forth your Spirit, and they shall be created;/ and you shall renew the face of the earth. - Pentecost Alleluia";;;;;
;;;;;;;;;;;;;;;;;;;;;;;;180;15;0;0;"Come, Holy Spirit, fill the hearts of your faithful;/ and kindle in them the fire of your love. - Pentecost Alleluia";;;;;
;;;;;;;;;;;;;;;;;;;;;;;;181;4;2;10;"My lover speaks and says to me, ""Arise, my friend, my beautiful one, and come! - Songs 2:10";;;;;
;;;;;;;;;;;;;;;;;;;;;;;;182;4;2;11;"For see, the winter is past, the rains are over and gone. - Songs 2:11";;;;;
;;;;;;;;;;;;;;;;;;;;;;;;183;4;2;14;"My dove in the clefts of the rock, in the secret recesses of the cliff, Let me see your face, let me hear your voice, For your voice is sweet, and your face is lovely."" - Songs 2:14";;;;;
;;;;;;;;;;;;;;;;;;;;;;;;184;13;11;19;"Then God's temple in heaven was opened, and the ark of his covenant could be seen in the temple. There were flashes of lightning, rumblings, and peals of thunder, an earthquake, and a violent hailstorm. - Revelations 11:19";;;;;
;;;;;;;;;;;;;;;;;;;;;;;;185;13;12;1;"A great sign appeared in the sky, a woman* clothed with the sun, with the moon under her feet, and on her head a crown of twelve stars. - Revelations 12:1";;;;;
;;;;;;;;;;;;;;;;;;;;;;;;186;13;12;1;"A great sign appeared in the sky, a woman* clothed with the sun, with the moon under her feet, and on her head a crown of twelve stars. 12:1";;;;;
;;;;;;;;;;;;;;;;;;;;;;;;187;2;45;13;"honor him, daughter of Tyre. Then the richest of the people will seek your favor with gifts. / All glorious is the king's daughter as she enters, her raiment threaded with gold; - Psalm 45:13-14";;;;;
;;;;;;;;;;;;;;;;;;;;;;;;188;1;13;18;"Then Uzziah said to her, ""Blessed are you, daughter, by the Most High God, above all the women on earth; and blessed be the Lord God, the creator of heaven and earth, who guided your blow at the head of the leader of our enemies. - Judith 13:18";;;;;
;;;;;;;;;;;;;;;;;;;;;;;;189;1;13;19;"Your deed of hope will never be forgotten by those who recall the might of God. - Judith 13:19";;;;;
;;;;;;;;;;;;;;;;;;;;;;;;190;1;15;9;"When they came to her, all with one accord blessed her, saying: ""You are the glory of Jerusalem! You are the great pride of Israel! You are the great boast of our nation! - Judith 15:9";;;;;
;;;;;;;;;;;;;;;;;;;;;;;;191;4;6;10;"Who is this that looks forth like the dawn, / fair as the moon, / bright as the sun?"" - Songs 6:10";;;;;
;;;;;;;;;;;;;;;;;;;;;;;;192;5;50;7;"Like sun shining upon the temple of the King, like a rainbow appearing in the cloudy sky; / Like blossoms on the branches in springtime, like a lily by running waters; Like a green shoot on Lebanon in summer, - Sirach 50:7-8";;;;;
;;;;;;;;;;;;;;;;;;;;;;;;193;4;2;1;"I am a flower of Sharon, a lily of the valleys. - Songs 2:1";;;;;
;;;;;;;;;;;;;;;;;;;;;;;;194;5;24;4;"In the heights of heaven I dwelt, and my throne was in a pillar of cloud. / Before all ages, from the beginning, he created me, and through all ages I shall not cease to be. - Sirach 24:4,9";;;;;
;;;;;;;;;;;;;;;;;;;;;;;;195;5;24;19;"Come to me, all who desire me, and be filled with my fruits. - Sirach 24:19";;;;;
;;;;;;;;;;;;;;;;;;;;;;;;196;5;24;17;"I bud forth delights like a vine; my blossoms are glorious and rich fruit. / You will remember me as sweeter than honey, better to have than the honeycomb. - Sirach 24:17,20";;;;;
;;;;;;;;;;;;;;;;;;;;;;;;197;3;8;32;"Now, children, listen to me; happy are they who keep my ways. / Listen to instruction and grow wise, do not reject it! - Proverbs 8:32-33";;;;;
;;;;;;;;;;;;;;;;;;;;;;;;198;3;8;34;"Happy the one who listens to me, attending daily at my gates, keeping watch at my doorposts; - Proverbs 8:34";;;;;
;;;;;;;;;;;;;;;;;;;;;;;;199;3;8;35;"For whoever finds me finds life, and wins favor from the LORD; - Proverbs 8:35";;;;;
;;;;;;;;;;;;;;;;;;;;;;;;200;14;0;0;"Hail, Queen of mercy, protect us from the enemy,/ and receive us at the hour of death. - Queenship of the B.V.M., Gradual";;;;;
;;;;;;;;;;;;;;;;;;;;;;;;;;;;;0;"";;;
;;;;;;;;;;;;;;;;;;;;;;;;;;;;;1;"Fruit of the Mystery: Humility";;;
;;;;;;;;;;;;;;;;;;;;;;;;;;;;;2;"Fruit of the Mystery: Love of Neighbour";;;
;;;;;;;;;;;;;;;;;;;;;;;;;;;;;3;"Fruit of the Mystery: Poverty (poor in spirit), Detachment from the things of the world, Contempt of Riches, Love of the Poor";;;
;;;;;;;;;;;;;;;;;;;;;;;;;;;;;4;"Fruit of the Mystery: Purity, Obedience";;;
;;;;;;;;;;;;;;;;;;;;;;;;;;;;;5;"Fruit of the Mystery: True Wisdom and True Conversion, Piety, Joy of Finding Jesus";;;
;;;;;;;;;;;;;;;;;;;;;;;;;;;;;6;"Fruit of the Mystery: Openness to the Holy Spirit";;;
;;;;;;;;;;;;;;;;;;;;;;;;;;;;;7;"Fruit of the Mystery: To Jesus through Mary";;;
;;;;;;;;;;;;;;;;;;;;;;;;;;;;;8;"Fruit of the Mystery: Repentance, Trust in God";;;
;;;;;;;;;;;;;;;;;;;;;;;;;;;;;9;"Fruit of the Mystery: Desire for Holiness";;;
;;;;;;;;;;;;;;;;;;;;;;;;;;;;;10;"Fruit of the Mystery: Eucharistic Adoration, Active Participation at Mass";;;
;;;;;;;;;;;;;;;;;;;;;;;;;;;;;11;"Fruit of the Mystery: Contrition, Conformity to the Will of God";;;
;;;;;;;;;;;;;;;;;;;;;;;;;;;;;12;"Fruit of the Mystery: Purity, Mortification";;;
;;;;;;;;;;;;;;;;;;;;;;;;;;;;;13;"Fruit of the Mystery: Moral Courage";;;
;;;;;;;;;;;;;;;;;;;;;;;;;;;;;14;"Fruit of the Mystery: Patience";;;
;;;;;;;;;;;;;;;;;;;;;;;;;;;;;15;"Fruit of the Mystery: Salvation, Self-Denial";;;
;;;;;;;;;;;;;;;;;;;;;;;;;;;;;16;"Fruit of the Mystery: Faith";;;
;;;;;;;;;;;;;;;;;;;;;;;;;;;;;17;"Fruit of the Mystery: Hope, Desire for Heaven";;;
;;;;;;;;;;;;;;;;;;;;;;;;;;;;;18;"Fruit of the Mystery: Wisdom, Love of God";;;
;;;;;;;;;;;;;;;;;;;;;;;;;;;;;19;"Fruit of the Mystery: Devotion to Mary";;;
;;;;;;;;;;;;;;;;;;;;;;;;;;;;;20;"Fruit of the Mystery: Eternal Happiness";;;
;;;;;;;;;;;;;;;;;;;;;;;;;;;;;;;0;"";"..."
;;;;;;;;;;;;;;;;;;;;;;;;;;;;;;;1;"Sign of the Cross";"IN THE NAME of the Father, and of the Son, and of the Holy Spirit. Amen. (As you say this, with your right hand touch your forehead when you say Father, touch your breastbone when you say Son, touch your left shoulder when you say Holy, and touch your right shoulder when you say Spirit.)"
;;;;;;;;;;;;;;;;;;;;;;;;;;;;;;;2;"Apostle's Creed";"I BELIEVE IN GOD, the Father almighty, Creator of Heaven and earth. And in Jesus Christ, His only Son, our Lord, Who was conceived by the Holy Spirit, born of the Virgin Mary, suffered under Pontius Pilate; was crucified, died, and was buried. He descended into Hell. The third day He rose again from the dead. He ascended into Heaven, and sits at the right hand of God,the Father almighty. He shall come again to judge the living and the dead. I believe in the Holy Spirit, the holy Catholic Church, the communion of saints, the forgiveness of sins, the resurrection of the body, and life everlasting. Amen"
;;;;;;;;;;;;;;;;;;;;;;;;;;;;;;;3;"Our Father";"OUR FATHER, Who art in Heaven, hallowed be Thy Name. Thy kingdom come, Thy will be done on earth as it is in Heaven. Give us this day our daily bread, and forgive us our trespasses, as we forgive those who trespass against us. And lead us not into temptation, but deliver us from evil. Amen."
;;;;;;;;;;;;;;;;;;;;;;;;;;;;;;;4;"Hail Mary";"HAIL MARY, full of grace, the Lord is with thee. Blessed art thou among women, and blessed is the fruit of thy womb, Jesus. Holy Mary, Mother of God, pray for us sinners, now and at the hour of our death. Amen."
;;;;;;;;;;;;;;;;;;;;;;;;;;;;;;;5;"Glory Be";"GLORY BE to the Father, and to the Son, and to the Holy Spirit. As it was in the beginning is now, and ever shall be, world without end. Amen."
;;;;;;;;;;;;;;;;;;;;;;;;;;;;;;;6;"Fatima Prayer";"O MY JESUS, forgive us our sins, save us from the fires of Hell; lead all souls to Heaven, especially those in most need of Thy mercy. Amen."
;;;;;;;;;;;;;;;;;;;;;;;;;;;;;;;7;"Hail Holy Queen";"HAIL HOLY QUEEN, mother of mercy; our life, our sweetness, and our hope. To thee do we cry, poor banished children of Eve. To thee do we send up our sighs, mourning and weeping in this vale of tears. Turn, then, most gracious advocate, thine eyes of mercy toward us. And after this, our exile, show unto us the blessed fruit of thy womb, Jesus. O clement, O loving, O sweet Virgin Mary. Pray for us, O holy Mother of God, that we may be made worthy of the promises of Christ. Amen."
;;;;;;;;;;;;;;;;;;;;;;;;;;;;;;;8;"O God";"O GOD, WHOSE only-begotten Son by His life, death and resurrection, has purchased for us the rewards of eternal life; grant, we beseech Thee, that by meditating upon these mysteries of the Most Holy Rosary of the Blessed Virgin Mary, we may imitate what they contain and obtain what they promise, through the same Christ our Lord. Amen. Pour forth we beseech Thee, O Lord, Thy grace into our hearts, that we to whom the incarnation of Christ, Thy Son, was made known by the message of an angel, may by His passion and cross be brought to the glory of His resurrection, through the same Christ Our Lord. Amen."
;;;;;;;;;;;;;;;;;;;;;;;;;;;;;;;10;"Nicene Creed";"I believe in one God the Father almighty, maker of heaven and earth of all things visible and invisible. I believe in one Lord Jesus Christ, the Only-begotten Son of God, born of the Father before all ages. God from God, Light from Light, true God from true God, begotten, not made, consubstantial with the Father; through Him all things were made. For us men and for our salvation He came down from heaven, and by the Holy Ghost was incarnate of the Virgin Mary, and became man. For our sake He was crucified under Pontius Pilate, He suffered death and was buried, and rose again on the third day in accordance with the Scriptures. He ascended into heaven and is seated at the right hand of the Father. He will come again in glory to judge the living and the dead. His kingdom will have no end. I believe in the Holy Ghost, the Lord, the giver of life who proceeds from the Father and the Son, who with the Father and the Son is adored and glorified, who has spoken through the prophets. I believe in one, holy, catholic, and apostolic Church. I confess one baptism for the forgiveness of sins. I look forward to the resurrection of the dead and the life of the world to come. Amen."